{
    "name": "item",
    "roles": [
        "item"
    ],
    "lookups": [
        "keywords"
    ],
    "keywords": [
        {
            "keyword": "apple",
            "synonyms": [
                "apples"
            ]
        },
        {
            "keyword": "apple",
            "synonyms": [
                "apple",
                "apples"
            ]
        },
        {
            "keyword": "bagel",
            "synonyms": [
                "bagel",
                "bagels"
            ]
        },
        {
            "keyword": "coconut",
            "synonyms": [
                "coconut",
                "coconuts"
            ]
        },
        {
            "keyword": "donut",
            "synonyms": [
                "donut",
                "donuts"
            ]
        },
        {
            "keyword": "egg",
            "synonyms": [
                "egg",
                "eggs"
            ]
        }
    ]
}
