{
    "utterances": [
        {
            "text": "I am done",
            "entities": [],
            "traits": [],
            "intent": "checkout"
        },
        {
            "text": "I'm done shopping",
            "entities": [],
            "traits": [],
            "intent": "checkout"
        },
        {
            "text": "I'm finished shopping",
            "entities": [],
            "traits": [],
            "intent": "checkout"
        },
        {
            "text": "I'm ready for checkout",
            "entities": [],
            "traits": [],
            "intent": "checkout"
        },
        {
            "text": "add -2 eggs",
            "entities": [
                {
                    "entity": "wit$number:number",
                    "start": 4,
                    "end": 6,
                    "body": "-2",
                    "entities": []
                },
                {
                    "entity": "item:item",
                    "start": 7,
                    "end": 11,
                    "body": "eggs",
                    "entities": []
                }
            ],
            "traits": [],
            "intent": "add_item"
        },
        {
            "text": "add 3 apples",
            "entities": [
                {
                    "entity": "item:item",
                    "start": 6,
                    "end": 12,
                    "body": "apples",
                    "entities": []
                },
                {
                    "entity": "wit$number:number",
                    "start": 4,
                    "end": 5,
                    "body": "3",
                    "entities": []
                }
            ],
            "traits": [],
            "intent": "add_item"
        },
        {
            "text": "add 4 apples",
            "entities": [
                {
                    "entity": "wit$number:number",
                    "start": 4,
                    "end": 5,
                    "body": "4",
                    "entities": []
                },
                {
                    "entity": "item:item",
                    "start": 6,
                    "end": 12,
                    "body": "apples",
                    "entities": []
                }
            ],
            "traits": [],
            "intent": "add_item"
        },
        {
            "text": "add 4 apples to my cart",
            "entities": [
                {
                    "entity": "item:item",
                    "start": 6,
                    "end": 12,
                    "body": "apples",
                    "entities": []
                },
                {
                    "entity": "wit$number:number",
                    "start": 4,
                    "end": 5,
                    "body": "4",
                    "entities": []
                }
            ],
            "traits": [],
            "intent": "add_item"
        },
        {
            "text": "add 4 coconuts",
            "entities": [
                {
                    "entity": "item:item",
                    "start": 6,
                    "end": 14,
                    "body": "coconuts",
                    "entities": []
                },
                {
                    "entity": "wit$number:number",
                    "start": 4,
                    "end": 5,
                    "body": "4",
                    "entities": []
                }
            ],
            "traits": [],
            "intent": "add_item"
        },
        {
            "text": "add an apple",
            "entities": [
                {
                    "entity": "item:item",
                    "start": 7,
                    "end": 12,
                    "body": "apple",
                    "entities": []
                }
            ],
            "traits": [],
            "intent": "add_item"
        },
        {
            "text": "add an apple to my basket",
            "entities": [
                {
                    "entity": "item:item",
                    "start": 7,
                    "end": 12,
                    "body": "apple",
                    "entities": []
                }
            ],
            "traits": [],
            "intent": "add_item"
        },
        {
            "text": "add apples",
            "entities": [
                {
                    "entity": "item:item",
                    "start": 4,
                    "end": 10,
                    "body": "apples",
                    "entities": []
                }
            ],
            "traits": [],
            "intent": "add_item"
        },
        {
            "text": "add bagel",
            "entities": [
                {
                    "entity": "item:item",
                    "start": 4,
                    "end": 9,
                    "body": "bagel",
                    "entities": []
                }
            ],
            "traits": [],
            "intent": "add_item"
        },
        {
            "text": "checkout",
            "entities": [],
            "traits": [],
            "intent": "checkout"
        },
        {
            "text": "delete -2 eggs",
            "entities": [
                {
                    "entity": "item:item",
                    "start": 10,
                    "end": 14,
                    "body": "eggs",
                    "entities": []
                },
                {
                    "entity": "wit$number:number",
                    "start": 7,
                    "end": 9,
                    "body": "-2",
                    "entities": []
                }
            ],
            "traits": [],
            "intent": "remove_item"
        },
        {
            "text": "delete 3 coconuts from my cart",
            "entities": [
                {
                    "entity": "wit$number:number",
                    "start": 7,
                    "end": 8,
                    "body": "3",
                    "entities": []
                },
                {
                    "entity": "item:item",
                    "start": 9,
                    "end": 17,
                    "body": "coconuts",
                    "entities": []
                }
            ],
            "traits": [],
            "intent": "remove_item"
        },
        {
            "text": "delete 8 Donuts from my cart",
            "entities": [
                {
                    "entity": "wit$number:number",
                    "start": 7,
                    "end": 8,
                    "body": "8",
                    "entities": []
                },
                {
                    "entity": "item:item",
                    "start": 9,
                    "end": 15,
                    "body": "Donuts",
                    "entities": []
                }
            ],
            "traits": [],
            "intent": "remove_item"
        },
        {
            "text": "delete a coconut from my basket",
            "entities": [
                {
                    "entity": "item:item",
                    "start": 9,
                    "end": 16,
                    "body": "coconut",
                    "entities": []
                }
            ],
            "traits": [],
            "intent": "remove_item"
        },
        {
            "text": "done shopping",
            "entities": [],
            "traits": [],
            "intent": "checkout"
        },
        {
            "text": "finished shopping",
            "entities": [],
            "traits": [],
            "intent": "checkout"
        },
        {
            "text": "get help",
            "entities": [],
            "traits": [],
            "intent": "get_help"
        },
        {
            "text": "help",
            "entities": [],
            "traits": [],
            "intent": "get_help"
        },
        {
            "text": "how much does a Bagel cost",
            "entities": [
                {
                    "entity": "item:item",
                    "start": 16,
                    "end": 21,
                    "body": "Bagel",
                    "entities": []
                }
            ],
            "traits": [],
            "intent": "get_price"
        },
        {
            "text": "how much for a apple",
            "entities": [
                {
                    "entity": "item:item",
                    "start": 15,
                    "end": 20,
                    "body": "apple",
                    "entities": []
                }
            ],
            "traits": [],
            "intent": "get_price"
        },
        {
            "text": "how much is a apple",
            "entities": [
                {
                    "entity": "item:item",
                    "start": 14,
                    "end": 19,
                    "body": "apple",
                    "entities": []
                }
            ],
            "traits": [],
            "intent": "get_price"
        },
        {
            "text": "how much is an egg",
            "entities": [
                {
                    "entity": "item:item",
                    "start": 15,
                    "end": 18,
                    "body": "egg",
                    "entities": []
                }
            ],
            "traits": [],
            "intent": "get_price"
        },
        {
            "text": "let me see my cart",
            "entities": [],
            "traits": [],
            "intent": "view_cart"
        },
        {
            "text": "let me view my basket",
            "entities": [],
            "traits": [],
            "intent": "checkout"
        },
        {
            "text": "put -4 eggs in cart",
            "entities": [
                {
                    "entity": "wit$number:number",
                    "start": 4,
                    "end": 6,
                    "body": "-4",
                    "entities": []
                },
                {
                    "entity": "item:item",
                    "start": 7,
                    "end": 11,
                    "body": "eggs",
                    "entities": []
                }
            ],
            "traits": [],
            "intent": "add_item"
        },
        {
            "text": "put -4 eggs in my cary",
            "entities": [
                {
                    "entity": "wit$number:number",
                    "start": 4,
                    "end": 6,
                    "body": "-4",
                    "entities": []
                },
                {
                    "entity": "item:item",
                    "start": 7,
                    "end": 11,
                    "body": "eggs",
                    "entities": []
                }
            ],
            "traits": [],
            "intent": "add_item"
        },
        {
            "text": "put -5 bagels in my cart",
            "entities": [
                {
                    "entity": "wit$number:number",
                    "start": 4,
                    "end": 6,
                    "body": "-5",
                    "entities": []
                },
                {
                    "entity": "item:item",
                    "start": 7,
                    "end": 13,
                    "body": "bagels",
                    "entities": []
                }
            ],
            "traits": [],
            "intent": "add_item"
        },
        {
            "text": "put 3 coconut in my cart",
            "entities": [
                {
                    "entity": "wit$number:number",
                    "start": 4,
                    "end": 5,
                    "body": "3",
                    "entities": []
                },
                {
                    "entity": "item:item",
                    "start": 6,
                    "end": 13,
                    "body": "coconut",
                    "entities": []
                }
            ],
            "traits": [],
            "intent": "add_item"
        },
        {
            "text": "put 3 donuts in my basket",
            "entities": [
                {
                    "entity": "item:item",
                    "start": 6,
                    "end": 12,
                    "body": "donuts",
                    "entities": []
                },
                {
                    "entity": "wit$number:number",
                    "start": 4,
                    "end": 5,
                    "body": "3",
                    "entities": []
                }
            ],
            "traits": [],
            "intent": "add_item"
        },
        {
            "text": "put 3 eggs in my cart",
            "entities": [
                {
                    "entity": "item:item",
                    "start": 6,
                    "end": 10,
                    "body": "eggs",
                    "entities": []
                },
                {
                    "entity": "wit$number:number",
                    "start": 4,
                    "end": 5,
                    "body": "3",
                    "entities": []
                }
            ],
            "traits": [],
            "intent": "add_item"
        },
        {
            "text": "put 4 donuts in my cart",
            "entities": [
                {
                    "entity": "wit$number:number",
                    "start": 4,
                    "end": 5,
                    "body": "4",
                    "entities": []
                },
                {
                    "entity": "item:item",
                    "start": 6,
                    "end": 12,
                    "body": "donuts",
                    "entities": []
                }
            ],
            "traits": [],
            "intent": "add_item"
        },
        {
            "text": "put apples in my cart",
            "entities": [
                {
                    "entity": "item:item",
                    "start": 4,
                    "end": 10,
                    "body": "apples",
                    "entities": []
                }
            ],
            "traits": [],
            "intent": "add_item"
        },
        {
            "text": "remove -1 donuts",
            "entities": [
                {
                    "entity": "wit$number:number",
                    "start": 7,
                    "end": 9,
                    "body": "-1",
                    "entities": []
                },
                {
                    "entity": "item:item",
                    "start": 10,
                    "end": 16,
                    "body": "donuts",
                    "entities": []
                }
            ],
            "traits": [],
            "intent": "remove_item"
        },
        {
            "text": "remove -3 coconuts",
            "entities": [
                {
                    "entity": "wit$number:number",
                    "start": 7,
                    "end": 9,
                    "body": "-3",
                    "entities": []
                },
                {
                    "entity": "item:item",
                    "start": 10,
                    "end": 18,
                    "body": "coconuts",
                    "entities": []
                }
            ],
            "traits": [],
            "intent": "remove_item"
        },
        {
            "text": "remove 2 Apples",
            "entities": [
                {
                    "entity": "wit$number:number",
                    "start": 7,
                    "end": 8,
                    "body": "2",
                    "entities": []
                }
            ],
            "traits": [],
            "intent": "remove_item"
        },
        {
            "text": "remove 4 donuts from my basket",
            "entities": [
                {
                    "entity": "wit$number:number",
                    "start": 7,
                    "end": 8,
                    "body": "4",
                    "entities": []
                },
                {
                    "entity": "item:item",
                    "start": 9,
                    "end": 15,
                    "body": "donuts",
                    "entities": []
                }
            ],
            "traits": [],
            "intent": "remove_item"
        },
        {
            "text": "remove 5 donuts",
            "entities": [
                {
                    "entity": "wit$number:number",
                    "start": 7,
                    "end": 8,
                    "body": "5",
                    "entities": []
                }
            ],
            "traits": [],
            "intent": "remove_item"
        },
        {
            "text": "remove 7 Bagels from my basket",
            "entities": [
                {
                    "entity": "wit$number:number",
                    "start": 7,
                    "end": 8,
                    "body": "7",
                    "entities": []
                },
                {
                    "entity": "item:item",
                    "start": 9,
                    "end": 15,
                    "body": "Bagels",
                    "entities": []
                }
            ],
            "traits": [],
            "intent": "remove_item"
        },
        {
            "text": "remove a bagel",
            "entities": [
                {
                    "entity": "item:item",
                    "start": 9,
                    "end": 14,
                    "body": "bagel",
                    "entities": []
                }
            ],
            "traits": [],
            "intent": "remove_item"
        },
        {
            "text": "remove a donut",
            "entities": [
                {
                    "entity": "item:item",
                    "start": 9,
                    "end": 14,
                    "body": "donut",
                    "entities": []
                }
            ],
            "traits": [],
            "intent": "remove_item"
        },
        {
            "text": "remove an Egg",
            "entities": [
                {
                    "entity": "item:item",
                    "start": 10,
                    "end": 13,
                    "body": "Egg",
                    "entities": []
                }
            ],
            "traits": [],
            "intent": "remove_item"
        },
        {
            "text": "remove an Egg from my basket",
            "entities": [
                {
                    "entity": "item:item",
                    "start": 10,
                    "end": 13,
                    "body": "Egg",
                    "entities": []
                }
            ],
            "traits": [],
            "intent": "remove_item"
        },
        {
            "text": "remove an apple from my basket",
            "entities": [
                {
                    "entity": "item:item",
                    "start": 10,
                    "end": 15,
                    "body": "apple",
                    "entities": []
                }
            ],
            "traits": [],
            "intent": "remove_item"
        },
        {
            "text": "view cart",
            "entities": [],
            "traits": [],
            "intent": "view_cart"
        },
        {
            "text": "view my basket",
            "entities": [],
            "traits": [],
            "intent": "view_cart"
        },
        {
            "text": "view my cart",
            "entities": [],
            "traits": [],
            "intent": "view_cart"
        },
        {
            "text": "what can I buy",
            "entities": [],
            "traits": [],
            "intent": "get_items"
        },
        {
            "text": "what can i do",
            "entities": [],
            "traits": [],
            "intent": "get_help"
        },
        {
            "text": "what do I have",
            "entities": [],
            "traits": [],
            "intent": "view_cart"
        },
        {
            "text": "what does an apple cost",
            "entities": [
                {
                    "entity": "item:item",
                    "start": 13,
                    "end": 18,
                    "body": "apple",
                    "entities": []
                }
            ],
            "traits": [],
            "intent": "get_price"
        },
        {
            "text": "what is available",
            "entities": [],
            "traits": [],
            "intent": "get_items"
        },
        {
            "text": "what is the price of a Coconut",
            "entities": [
                {
                    "entity": "item:item",
                    "start": 23,
                    "end": 30,
                    "body": "Coconut",
                    "entities": []
                }
            ],
            "traits": [],
            "intent": "get_price"
        },
        {
            "text": "what items can I get",
            "entities": [],
            "traits": [],
            "intent": "get_items"
        },
        {
            "text": "what's in my basket",
            "entities": [],
            "traits": [],
            "intent": "view_cart"
        },
        {
            "text": "what's the price of a apple",
            "entities": [
                {
                    "entity": "item:item",
                    "start": 22,
                    "end": 27,
                    "body": "apple",
                    "entities": []
                }
            ],
            "traits": [],
            "intent": "get_price"
        },
        {
            "text": "what's the price of an apple",
            "entities": [
                {
                    "entity": "item:item",
                    "start": 23,
                    "end": 28,
                    "body": "apple",
                    "entities": []
                }
            ],
            "traits": [],
            "intent": "get_price"
        }
    ]
}
